Producto,Precio
,
,
"Galaxy Watch 6 - Reloj Inteligente para Hombre y Mujer, GPS, NFC, Llamada Bluetooth, H",COP $228 242.61 a COP $251 069.73
"Reloj inteligente 2024 para hombre/mujer, reloj inteligente impermeable Bluetooth iPhone Samsung",COP $87 698.73
"Reloj inteligente 2024 para hombre/mujer, reloj inteligente impermeable Bluetooth iPhone Samsung",COP $78 924.47
"Galaxy Watch 6 Classic: GPS, seguimiento de la salud, frecuencia cardíaca, resistente al agua, BT.",COP $205 415.50 a COP $225 389.22
Reloj inteligente 2024 para hombre/mujer impermeable reloj inteligente Bluetooth para Samsung iPhone,COP $87 698.73
Reloj inteligente 2024 para hombre/mujer impermeable reloj inteligente Bluetooth iPhone Samsung,COP $131 570.03
2024 Reloj inteligente para hombre/mujer impermeable Bluetooth iPhone Samsung,COP $100 245.92
Reloj inteligente Samsung Galaxy Watch 4 44 mm SM-R870 aluminio GPS ECG monitor rastreador,COP $241 248.28 a COP $263 183.93
"Reloj inteligente 2024 para hombre/mujer, reloj inteligente impermeable Bluetooth iPhone Samsung",COP $85 505.16
Reloj inteligente Google Pixel Watch - Seguimiento de actividad y frecuencia cardíaca - Plateado pulido,COP $258 840.67
Reloj inteligente Samsung Galaxy SM-R800 AMOLED 46 mm acero inoxidable - negro SR,COP $284 944.09
"Reloj inteligente 2024 para hombre/mujer, reloj inteligente impermeable Bluetooth iPhone Samsung",COP $56 988.82
RELOJ INTELIGENTE MILITAR INDESTRUCTIBLE,COP $188 602.72
Reloj inteligente 2024 para hombre/mujer impermeable reloj inteligente Bluetooth iPhone Samsung,COP $86 031.62
"Google Pixel Watch 2 41 mm GPS WiFi Bluetooth Dorado, Negro, Plateado G4TSL",COP $526 411.73 a COP $614 154.33
"Reloj inteligente 2024 para hombre/mujer, reloj inteligente impermeable Bluetooth iPhone Samsung",COP $65 763.08
Reloj inteligente Google Pixel Watch - Seguimiento de actividad y frecuencia cardíaca - Plateado pulido,COP $282 485.55
Reloj Inteligente 2024 Hombre Impermeable Reloj Inteligente Bluetooth para iPhone Android Samsung,COP $102 176.26 a COP $118 584.12
Reloj Inteligente 2024 Hombre Impermeable Reloj Inteligente Bluetooth para iPhone Android Samsung,COP $109 634.38 a COP $127 226.77
"Reloj inteligente Samsung Galaxy Watch 3 (45 mm, GPS, Bluetooth) - negro místico",COP $149 118.55
"Reloj inteligente Samsung Galaxy FIT 3 rastreador de actividad con pantalla AMOLED de 1,6"" - negro",COP $188 602.72
huawei watch gt 4,COP $598 558.08
Google Pixel Watch 41mm Plateado (GPS) (DEBE LEER DESCRIPCIÓN),COP $136 001.03
Reloj inteligente Google Pixel Watch 1 41 mm - negro,COP $263 008.44
Reloj Google Pixel 41 mm GPS + WiFi + Bluetooth dorado negro plateado -Grado B+,COP $263 183.93
Reloj inteligente 2024 para hombre/mujer impermeable reloj inteligente Bluetooth para iPhone Samsung,COP $109 634.38 a COP $122 795.77
ANUNCIO NUEVOApple Watch Series 3 42mm Gris Aluminio (Celular + GPS) (DEBE LEER DESCRIPCIÓN),COP $438.71
Reloj inteligente SAMSUNG Galaxy Watch Ultra 47 mm - Titanio con bandas marinas,COP $574 231.45 a COP $578 969.55
Smartwatch Mujer Hombre con Función Teléfono Reloj de Pulsera para iPhone Samsung Huawei,COP $321 840.08
"Reloj Inteligente 2.64"" Pantalla Android 11 Doble 5MP Cámara 1200mAh Tipo-C 4G Reloj Inteligente",COP $394 797.83
"RELOJ INTELIGENTE SL-TECH 1.96"" 430mAh IMPERMEABLE BLUETOOTH Fitness para SAMSUNG/iPHONE",COP $127 007.41
Reloj inteligente 2024 para hombre/mujer impermeable reloj inteligente Bluetooth iPhone Samsung,COP $80 723.19
RELOJ INTELIGENTE MILITAR INDESTRUCTIBLE,COP $144 731.42
Bluetooth Smartwatch Hombre Mujer Deporte Fitness Tracker Podómetro Reloj de Pulsera,COP $18 371.13
Samsung Galaxy Watch3 41mm Plateado (Lte + Bluetooth) (DEBE LEER DESCRIPCIÓN),COP $32 903.48
"Reloj inteligente Samsung Galaxy Watch 7 44 mm Bluetooth AI, GPS, WiFi *Oriente Medio*",COP $833 510.83
Samsung Watch 7 40mm / 44mm LTE + Bluetooth + WiFi ◆Garantía Samsung◆,COP $776 522.01 a COP $886 156.39
"Reloj inteligente 119S fitness para dormir reloj impermeable pantalla de 1,44 pulgadas carga USB",COP $17 504.65
"ANUNCIO NUEVOReloj inteligente Samsung Galaxy Watch 7 44 mm Bluetooth AI, WiFi, GPS *América Latina*",COP $877 382.13
Reloj inteligente Rastreador de actividad Relojes de fitness Ritmo cardíaco Deportes Hombres Mujeres Fit-Bit,COP $49 568.57
Reloj inteligente 2024 para hombre/mujer impermeable reloj inteligente Bluetooth iPhone Samsung,COP $96 472.99
Reloj inteligente 2024 para hombre/mujer impermeable reloj inteligente Bluetooth iPhone Samsung Reino Unido,COP $68 866.67
Reloj Inteligente con Cámara Pantalla Táctil GPS WIFI 4G Android Reloj Inteligente para Hombres Mujeres,COP $437 089.76
Reloj inteligente Samsung Galaxy Watch 6 40 mm - Bluetooth - SM-R935 - negro,COP $606 236.26
Reloj inteligente militar para hombre resistente táctico rastreador de actividad física reloj inteligente deporte,COP $124 989.33
ANUNCIO NUEVOReloj inteligente Samsung Galaxy 4 44 mm rastreo GPS con fitness y salud color negro,COP $214 925.50
"Reloj inteligente Samsung - Galaxy Watch 3 (45 mm, GPS, Bluetooth) - Negro místico",COP $197 376.98
Reloj inteligente Samsung Galaxy Watch Active2 fitness seguimiento del sueño 40 mm activo 2,COP $162 104.45
"Reloj inteligente 2024 para hombre/mujer, reloj inteligente impermeable Bluetooth iPhone Samsung",COP $122 795.77
ANUNCIO NUEVONuevo Apple Watch Series 10 (GPS) 46 mm con correa deportiva M/L negro azabache MWWQ3LW/A,COP $1 381 945.95
Reloj inteligente Samsung Gear S3 Frontier SM-R760 46 mm Bluetooth WiFi - gris oscuro,COP $350 751.04
"Reloj Google Pixel 1ª Generación 41mm GPS WiFi Bluetooth Dorado, Negro, Plateado GQF4C",COP $307 055.23 a COP $438 669.13
Reloj inteligente para hombres y mujeres rastreador de ejercicios presión arterial ritmo cardíaco relojes deportivos Reino Unido,COP $126 761.00
Reloj inteligente Samsung Galaxy Watch Active2 Fitness seguimiento del sueño GPS 40mm usado,COP $135 781.67
"Reloj Inteligente 2024 Hombre/Mujer, Reloj Inteligente Impermeable Bluetooth para iPhone Samsung",COP $131 570.03
Reloj Huawei Watch GT 46mm Acero Inoxidable Titanio Verde Android Caja Abierta CO8805,COP $262 350.37
Reloj Inteligente con Auriculares Hombre Reloj Inteligente 2 en 1 Auriculares Bluetooth Para Android iOS,COP $156 664.41
Job Lot of LG Smartwatch Bluetooth Acitivity Trackers for spares repair,COP $5 458.61
Reloj inteligente LOKMAT LP4 MAX 4G desbloqueado nano SIM videollamada WiFi cámara doble 46 mm,COP $390 454.57
Reloj inteligente 2024 para hombre/mujer impermeable reloj inteligente Bluetooth iPhone Samsung,COP $99 543.98
,
,
reloj inteligente compatible con iOS y Android 7 correas + reloj,COP $153 549.55
"Reloj inteligente 2024 para hombre/mujer, reloj inteligente impermeable Bluetooth iPhone Samsung",COP $87 698.73
ANUNCIO NUEVOBlack Multifunction Smart Watch Men Women Message Remind Music Control Sports,COP $119 711.62
Reloj Inteligente GT4 Pro2 Unisex Bluetooth iOS Android NFC GPS AMOLED Bluetooth Llamada,COP $293 937.71
Job Lot of LG Smartwatch Bluetooth Acitivity Trackers for spares repair,COP $5 458.61
ANUNCIO NUEVOGoogle Pixel Watch Lte,COP $21 935.65
ANUNCIO NUEVONuevo Apple Watch Series 10 (GPS) 46 mm con correa deportiva M/L negro azabache MWWQ3LW/A,COP $833 554.70
Xiaomi Redmi Watch 5 Reloj Inteligente GPS Activo LCD 2.0” Impermeable - Medianoche,COP $1 381 945.95
Reloj inteligente para niños 2024 rastreador GPS cámara de videollamadas 4G LBS WIFI ubicación regalos,COP $220 494.66
Reloj inteligente militar para hombre (responder/hacer llamadas) impermeable fitness reloj deportivo,COP $181 898.45
Galaxy Watch7 Aluminio 40mm SM-L305U 32GB Bluetooth + WiFi + LTE Desbloqueado,COP $91 252.48
Reloj inteligente Samsung Galaxy Watch Active2 Fitness seguimiento del sueño GPS 40mm usado,COP $776 522.01
Smartwatch Hombre Mujer Función de teléfono Reloj de fitness Reloj de pulsera para Android IOS S7,COP $135 781.67
"Reloj inteligente 2024 para hombre/mujer, reloj inteligente impermeable Bluetooth iPhone Samsung",COP $552 054.72
Reloj inteligente 2023 para hombre/mujer impermeable reloj inteligente Bluetooth iPhone Samsung,COP $96 472.99
Reloj inteligente para niños con función de teléfono reloj de pulsera Smart Watch SOS tarjeta SIM reloj,COP $94 147.81
Reloj Google Pixel 41 mm GPS + WiFi + Bluetooth dorado negro plateado - bueno,COP $413 925.93
Apple Watch Serie 10 GPS + Celular 46mm Reloj Inteligente Estuche Aluminio Banda Deportiva,COP $307 055.23
Reloj inteligente Samsung Gear S3 Frontier SM-R760 46 mm Bluetooth WiFi - gris oscuro SR,COP $1 645 129.88
Reloj inteligente Samsung Galaxy Gear S SM-R750 curvo súper AMOLED - blanco,COP $306 879.74
Reloj Inteligente 2024 Hombre Impermeable Reloj Inteligente Bluetooth para iPhone Android Samsung,COP $438 493.64
"Reloj Inteligente Xiaomi Mi Smart Band 9 Pantalla AMOLED 1.62"" (Versión Global) NUEVO",COP $127 182.90 a COP $144 731.42
Reloj inteligente Gizmo 2 ZW20 - (Verizon) para niños,COP $263 183.93
Reloj inteligente Samsung Galaxy Watch4 SM-R890 46 mm clásico GPS Bluetooth negro (C),COP $250 022.54
Samsung Galaxy Watch5 SM-R910 44 mm correa deportiva - grafito - dispositivo de demostración,COP $330 549.01
Reloj inteligente Samsung Galaxy Watch7 Bluetooth BT 40mm HR GPS (crema o verde),COP $82 706.17
Reloj inteligente Samsung Galaxy Watch 5 40 mm BT-púrpura SM-R900NZSAXAA GSRF caja abierta,COP $1 047 556.41
Reloj inteligente CARBINOX Titan IP69K resistente al agua NUEVO/caja sellada,COP $350 970.40
Reloj inteligente impermeable para hombres y mujeres Reloj inteligente Bluetooth Llamada para iPhone Samsung,COP $153 549.55
Reloj inteligente hombres mujeres rastreador de fitness presión arterial ritmo cardíaco relojes deportivos Reino Unido,COP $102 790.46
Reloj inteligente 2023 para hombre/mujer impermeable reloj inteligente Bluetooth iPhone Samsung,COP $66 109.80
"Reloj inteligente ECG+PPG Bluetooth Call - Rastreador de salud y estado físico para hombres, impermeable",COP $157 892.81
2024 Reloj inteligente impermeable Bluetooth iPhone Samsung Reloj inteligente para hombres y mujeres,COP $131 227.38 a COP $148 347.71
Reloj inteligente Samsung Galaxy Watch Active SM-R500 40 mm HRM Fitness GPS gris,COP $109 371.15 a COP $122 488.67
Samsung Galaxy Watch 7 - 44 mm - (LTE + Bluetooth) - Verde,COP $247 842.84
Reloj Inteligente Hombre Mujer Impermeable Reloj Inteligente Bluetooth para iPhone Android Samsung,COP $877 338.26
Reloj inteligente Samsung Galaxy Gear S SM-R750V curvo súper AMOLED - negro,COP $28 472.47 a COP $46 240.35
2023 Reloj inteligente para hombre/mujer impermeable Bluetooth iPhone Samsung,COP $438 493.64
Reloj inteligente niños función de teléfono GPS Tracker SOS reloj de pulsera para iPhone Samsung,COP $141 265.59 a COP $152 672.12
2024 Watch 9 Reloj Inteligente Hombre Mujer Inteligente para Android Apple Deportes GPS,COP $367 883.01
"Reloj inteligente 2024 para hombre/mujer, reloj inteligente impermeable Bluetooth iPhone Samsung",COP $167 412.88
Xiaomi Reloj Banda Inteligente Bluetooth Fitness AMOLED Para Hombre Reloj Inteligente para Rastreador,COP $131 570.03
Smartwatch Bluetooth Uomo Donna Pressione Sanguigna Sport Frequenza Cardiaca,COP $78 880.60
"HAYLOU Solar Plus RT3 Smartwatch 1.43 ""AMOLED Bluetooth Calls Fitness Tracker",COP $18 417.17 a COP $73 668.69
"Filtri Rizla Ultra Slim Size 5,7 mm Filters Pack Tip 20 Packs 1 Full Box",COP $169 898.41
Nuevo Reloj Inteligente Android Teléfono 3G GSM SIM GPS 1GB 12GB Corazón WiFi KW68,COP $96 690.15
"TOP 1.95"" Impermeable Reloj Inteligente Hombres Mujeres Reloj Inteligente Bluetooth IOS Android 2024",COP $175 441.33
Reloj inteligente Bluetooth llamada rastreador de actividad física frecuencia cardíaca presión arterial reloj deportivo,COP $82 651.04
Reloj inteligente Samsung Galaxy Watch 4 40 mm SM-R860 aluminio GPS ECG monitor rastreador,COP $110 219.76
Reloj Google Pixel 41 mm WiFi + LTE desbloqueado dorado negro plateado - grado B+,COP $263 183.93
Reloj inteligente Samsung Galaxy Watch 6 40 mm - Bluetooth - SM-R935 - negro,COP $263 183.93
Reloj inteligente 2024 para hombre/mujer impermeable reloj inteligente Bluetooth para Samsung iPhone,COP $523 530.09
NUEVO✅ Reloj Inteligente Michael Kors Bradshaw Gen 6 Pantalla Táctil Cristal Pavimentado Oro Rosa,COP $96 472.99
Reloj inteligente Bluetooth pulsera pulsómetro presión arterial rastreador de fitness para hombre mujer,COP $1 096 738.63
Reloj inteligente Asus ZenWatch 3 WI503Q en funcionamiento con caja y cable,COP $34 486.15 a COP $36 327.87
Reloj inteligente Samsung Galaxy Watch Ultra Titanium 47 mm LTE todos los colores (modelo EE. UU.),COP $105 291.12
Reloj Inteligente Hombres Mujeres Fitness Presión Arterial Ritmo Cardíaco Relojes Dorado,COP $306 879.74
Reloj inteligente para Android iPhone monitor de ritmo cardíaco presión arterial rastreador de ejercicios,COP $1 776 743.78
YAMAY Smart Watch for iPhone Android with Heart Rate/Sleep Monitor for Men Women,COP $88 164.78
"ANUNCIO NUEVOReloj inteligente militar para hombre (responder/hacer llamadas), reloj inteligente de 2,01"""" para Android",COP $81 995.46
,
,
"ANUNCIO NUEVOReloj inteligente militar para hombre (responder/hacer llamadas), reloj inteligente de 2,01"""" para Android",COP $438 669.13
Nuevo IP68 Impermeable Reloj Inteligente Rastreador de Ejercicio Presión Arterial Monitor Cardíaco Reino Unido,COP $248 063.39
Smartwatch Mujer con Función Teléfono Reloj de Pulsera Impermeable para Android IOS,COP $644 140.58
"ANUNCIO NUEVOReloj inteligente IOWODO para hombres mujeres - Pantalla HD de 1,85"""" con hacer y responder llamadas EE. UU.",COP $219 312.63
Reloj inteligente para Android iPhone monitor de ritmo cardíaco presión arterial rastreador de ejercicios,COP $81 995.46
Cartine Smoking Gold King Size Slim Lunghe Oro 50 LIBRETTI,COP $165 754.55
"Reloj Inteligente CMF by Nothing Watch 2 Pro 1.32"" AMOLED GPS Nuevo",COP $350 926.53
Reloj inteligente Samsung Galaxy Watch7 Bluetooth (todos los colores y tamaños) (modelo EE. UU.),COP $877 382.13
ANUNCIO NUEVOReloj inteligente T96 2 en 1 con auriculares impermeable - LEER,COP $69 755.37
Reloj inteligente para mujer y hombre ritmo cardíaco para teléfono Android Bluetooth impermeable,COP $87 698.73
Reloj inteligente 2024 para hombre/mujer impermeable reloj inteligente Bluetooth iPhone Samsung,COP $134 202.31
ANUNCIO NUEVOReloj inteligente Citizen CZ híbrido inteligente negro silicona 44MM JX2008-06E necesita reparación,COP $350 970.40
"Reloj inteligente SKG 1,95"" con respuesta/hacer llamada para Android iOS 123+ Deportes Fitness",COP $142 640.93
"Reloj inteligente de pantalla grande 4G de 2,88"" compañero de teléfono Android monitor de ritmo cardíaco 4 GB + 64 GB",COP $818 894.21
Reloj Inteligente North Edge IP68 Bluetooth Regalo Rojo Negro Azul Blanco Deportes Aire Libre,COP $248 063.39
Reloj de pulsera digital multimedia para teléfono inteligente | Hecho en China (¡Nuevo!),COP $877 426.00
Reloj Inteligente Premium Impermeable Bluetooth Hombres Mujeres Reloj Inteligente Para Android iOS,COP $46 020.99
"Reloj inteligente 2024 para hombre/mujer, reloj inteligente impermeable Bluetooth iPhone Samsung",COP $65 763.08
Reloj inteligente hombres mujeres rastreador de fitness presión arterial ritmo cardíaco relojes deportivos Reino Unido,COP $71 623.55
Cartine Rizla Argento Corte Silver Regular + Filtri Rizla Ultra Slim 5.7mm,COP $257 794.36
Cartine Rizla Argento Lunghe Silver KING SIZE Scatole Da 50 Libretti,COP $151 941.67
Reloj inteligente desbloqueado Apple Watch SE 2022 (2da generación) 40 mm 44 mm (GPS + celular),COP $745 768.23
Reloj Samsung Galaxy Ultra 47 mm LTE Bluetooth SM-L705U Desbloqueado Gris Titanio,COP $1 689 045.05
"Reloj inteligente Samsung Galaxy FE Bluetooth BT 40mm HR GPS (azul, negro, rosa)",COP $551 319.36
"Reloj Inteligente Impermeable GPS Exterior Deporte Bluetooth Llamada 430mAh 2.0""""",COP $241 994.09 a COP $263 227.80
Smartwatch Uomo Donna +Caricatore wireless IOS Android Fitness Orologio chiamate,COP $96 644.11
Rastreador de ejercicios Samsung Galaxy Fit3 SM-R390 - 101 modos de entrenamiento - nuevo,COP $263 008.44
Reloj inteligente para hombre Bluetooth llamada presión arterial ritmo cardíaco rastreador de fitness Reino Unido,COP $220 494.66 a COP $237 035.90
"Reloj Inteligente 2024 Para Hombre, Bluetooth Llamada 2.01"" Reloj Inteligente para iPhone Samsung",COP $122 795.77
"ANUNCIO NUEVOReloj Inteligente IOWODO (Responder/Hacer Llamada), Reloj Inteligente 1.85"" para Hombres Mujeres 100+ Deporte",COP $219 312.63
Smartwatch Mujer Hombre con Función Teléfono Reloj de Pulsera para iPhone Samsung Huawei,COP $413 925.93
Reloj inteligente con marca de juegos y respuesta llamada reloj fitness para hombres y mujeres IOS Android,COP $192 925.94
"Reloj Inteligente TOZO 1.85"" HD AMOLED Dinámico Reloj Caras 100+ Reloj Deportivo Fitness",COP $219 312.63
"Reloj inteligente 2024 para hombre/mujer, reloj inteligente impermeable Bluetooth iPhone Samsung",COP $70 150.21
Reloj Inteligente 2 en 1 con Auriculares Reloj Inteligente Verdadero Inalámbrico Bluetooth Auriculares Kits,COP $192 156.29 a COP $220 935.87
Reloj Inteligente Hombre Mujer Impermeable Reloj Inteligente Bluetooth para iPhone Android Samsung,COP $38 562.87
Reloj inteligente para hombres y mujeres rastreador de ejercicios presión arterial ritmo cardíaco relojes deportivos Reino Unido,COP $192 925.94
Reloj inteligente Samsung Galaxy Watch 6 clásico 47 mm LTE R965 - impecable estado,COP $701 896.93
Reloj inteligente 2024 para hombre/mujer impermeable reloj inteligente Bluetooth iPhone Samsung,COP $118 408.64
Reloj inteligente 2024 pantalla táctil completa AMOLED Bluetooth llamada para mujer -DT85,COP $191 177.09 a COP $199 708.72
Reloj Google Pixel GA02096-US 41mm Estuche Negro Mate con Banda de Obsidiana (LTE),COP $228 086.89
Reloj inteligente Sekonda para damas oro rosa. Modelo 40388.00,COP $330 769.56
Reloj inteligente Samsung Galaxy Gear S3 Frontier 46 mm SM-R765 WiFi gris oscuro,COP $358 384.65
Reloj inteligente Samsung Galaxy Watch Ultra 47MM LTE desbloqueado L705U AI - Excelente,COP $1 732 872.48
Reloj inteligente coleccionable One61 Batman DC ajustable nuevo caja abierta nunca usado,COP $35 097.04
NUEVO Reloj Samsung Galaxy 6 44 mm (SM-R945U) (Bluetooth + Celular/LTE) - Negro,COP $697 334.31
Reloj Xiaomi Mi Smart Band 5 - Negro - SIN USAR,COP $65 613.57
Reloj inteligente Samsung Galaxy Watch 7 44 mm SM-L310 Bluetooth AI - Excelente,COP $877 382.13
Reloj inteligente con pantalla táctil para niños llamada de voz GPS ubicación foto impermeable HD,COP $99 368.49
Reloj inteligente hombres mujeres rastreador de fitness presión arterial ritmo cardíaco relojes deportivos Reino Unido,COP $71 623.55
Cartine Rizla Argento Corte Silver Regular Grigie 100 Libretti,COP $174 963.13
NUEVO Reloj Samsung Galaxy Ultra 47 mm (SM-L705U) LTE/Celular,COP $1 759 019.77
Reloj inteligente Samsung Galaxy Gear S SM-R750A curvo súper AMOLED - negro,COP $100 903.99 a COP $394 797.83
Montre Connectée Intelligente Homme Femme Smartwatch Sport Étanche Android iOS,COP $100 834.02
"Reloj inteligente 2024 para hombre/mujer, reloj inteligente impermeable Bluetooth iPhone Samsung",COP $74 537.34
Reloj inteligente Apple Watch Series 9 - GPS + GSM celular 41 mm - Excelente,COP $1 140 609.93
"Reloj inteligente 2024 para hombre/mujer, reloj inteligente impermeable Bluetooth iPhone Samsung",COP $219 312.63
Reloj inteligente híbrido Citizen CZ Smart Gen 1 44 mm con correa azul,COP $438 713.00
Reloj inteligente de cuero blanco para mujer Bluetooth llamadas música para Android IOS...,COP $165 357.21
Reloj inteligente compatible con reloj inteligente para hombre mujer Stlye Fitness inalámbrico,COP $52 601.69
,
,
Reloj inteligente de cuero blanco para mujer Bluetooth llamadas música para Android IOS...,COP $165 357.21
Reloj inteligente compatible con reloj inteligente para hombre mujer Stlye Fitness inalámbrico,COP $52 601.69
Smartwatch Mujer Hombre con Función Teléfono Reloj de Pulsera para iPhone Samsung Huawei,COP $321 840.08
"GRANDE Reloj Pulsera 2.88"" Pantalla Táctil 4G Android 9.0.Cámara MP5 4+64GB",COP $820 393.31
"Reloj inteligente 2024 para hombre/mujer, reloj inteligente impermeable Bluetooth iPhone Samsung",COP $219 312.63
Reloj inteligente híbrido Citizen CZ Smart Gen 1 44 mm con correa azul,COP $438 713.00
Banda de reloj inteligente Monitor de actividad física deportivo Rastreador de actividad Bit de ajuste para iOS/Android,COP $27 954.69 a COP $29 222.85
NUEVO CARBINOX Titan Smartwatch (Mega Black Friday Week Rebajas. Finaliza el 3 de diciembre),COP $138 150.72
Reloj inteligente 2024 para hombre/mujer impermeable reloj inteligente Bluetooth iPhone Samsung,COP $46 020.99
Reloj inteligente Asus ZenWatch 3 WI503Q-SL-BG AMOLED 45 mm WiFi cuero beige plateado,COP $438 669.13
Reloj inteligente Samsung Galaxy Watch 6 40 mm GPS + WiFi + Bluetooth R930 - Excelente,COP $482 540.43
"Reloj Inteligente Andriod, Reloj Inteligente GPS Android, 4G LTE con Pantalla Táctil 2.86"" W2E2",COP $526 411.73 a COP $605 336.20
"Google Pixel Watch 2 41mm GPS WiFi Bluetooth Dorado, Negro, Plateado G4TSL Bueno B+",COP $482 540.43 a COP $526 411.73
Reloj Nemo Cobertura Ilimitada - Kit Pentesting IoT | Pentesting Portátil e IoT,COP $263 183.93
Smartwatch Mujer Hombre con Función Teléfono Reloj de Pulsera para iPhone Samsung Huawei,COP $275 797.15
NUEVO Reloj Inteligente Militar Resistente Deportes al Aire Libre Rastreador de Ritmo Cardíaco,COP $199 708.72
2024 Reloj inteligente para hombre/mujer impermeable Bluetooth iPhone Samsung,COP $105 247.25
Google Pixel Watch 2 41 mm GPS + WiFi + Bluetooth Dorado Negro Plata - Bueno,COP $473 766.17
Google Pixel Watch 2 41 mm GPS + WiFi + Bluetooth Dorado Negro Plata - Grado B+,COP $416 733.48
2024 Nuevo Reloj Pulsera Presión Arterial Inteligente Hombres Militar Fitness Rastreador,COP $95 156.85 a COP $99 543.98
"Reloj inteligente TOZO 5 responder/hacer llamada 1,43"" AMOLED MÁS DE 100 modos reloj deportivo fitness",COP $263 183.93
Reloj inteligente impermeable GT4 PRO NFC GPS rastreador Bluetooth llamada hombres relojes deportivos,COP $183 338.16 a COP $191 673.71
Reloj Google Pixel 41 mm negro mate estuche de acero inoxidable Wifi/BT - negro,COP $627 960.42
Reloj inteligente desbloqueado Apple Watch Series 4 40 mm/44 mm (GPS + celular),COP $350 926.53
ANUNCIO NUEVOBanda de reloj inteligente Moby Fox para Apple Watch - Botanica,COP $87 698.73
HT17 Reloj Inteligente Impermeable Militar GPS Rastreador AMOLED Bluetooth Llamada Hombres Reloj,COP $127 402.26
Reloj inteligente militar para hombre (responder/hacer llamadas) impermeable fitness reloj deportivo,COP $87 479.37
"""RELOJ INTELIGENTE SUPER AMOLED SENBONO LLAMAR BLUETOOTH NEGRO DEPORTE IOS XIOMI 2.04""",COP $125 033.21
Reloj Pulsera Pantalla Grande 4G|Android 9.0|4GB+64GB Monitor de Ritmo Cardíaco,COP $859 614.25
Reloj inteligente para hombres mujeres impermeable fitness sueño HR para Samsung Galaxy S23 FE,COP $315 829.49
Reloj inteligente Bluetooth para llamadas para IOS Android hombres mujeres monitor de ritmo cardíaco para dormir,COP $131 570.03
Reloj inteligente Samsung Galaxy Watch3 SM-R855 41 mm Wi-Fi / LTE desbloqueado - bronce,COP $394 622.34
ANUNCIO NUEVOReloj Inteligente Google Pixel Watch 3 LTE (45mm) + 2 Años Gratis de Datos - Plateado (Nuevo),COP $1 556 992.44
Reloj inteligente 2024 hombre mujer impermeable reloj inteligente Bluetooth para iPhone Samsung,COP $62 472.73
Reloj inteligente 119S Bluetooth deportivo rastreador de actividad física compañero de teléfono para Android e iOS,COP $49 568.57
Reloj inteligente CARBINOX Titan IP69K resistente al agua NUEVO CAJA SELLADA,COP $175 265.84
Reloj inteligente Spade & Co. Health 3 para Android y Apple negro,COP $153 505.68
Reloj inteligente militar para hombre (responder/hacer llamadas) rastreador de fitness táctico resistente,COP $142 976.57
Reloj inteligente Samsung Galaxy Watch 4 40 mm SM-R860 GPS Bluetooth WiFi - Oro rosa,COP $197 376.98
Reloj inteligente SK27 SK4 para hombre Kalobee pantalla táctil NFC 3 pulseras Android iPhone,COP $241 248.28
Reloj Google Pixel Acero Inoxidable 41mm 8GB 1GB RAM Carbón WiFi Leer Detalles,COP $241 248.28
Reloj inteligente Apple Watch Series 9 - GPS + GSM celular 45 mm - Excelente,COP $1 228 352.53
Reloj inteligente Samsung Galaxy Gear S3 Frontier 46 mm SM-R765 WiFi gris oscuro,COP $325 257.85
ANUNCIO NUEVOMobvoi TicWatch Pro 3 GPS con pantalla táctil extras,COP $346 934.24
Apple Watch Series 5 - 44 mm - Gris espacial - Aluminio - Reloj inteligente - *FUNCIONAL*,COP $122 839.64
Reloj inteligente CMF by Nothing Pro AMOLED Bluetooth llamadas GPS fitness - Nuevo,COP $350 926.53
Apple Watch SE 2da Generación 40 mm GPS Starlight con Banda Deportiva Starlight S/M MR9U3LL/A,COP $307 055.23
"Apple Watch Nike Serie Series 2, 42 mm, plata con correa deportiva completa EXCELENTE",COP $723 876.45
Para Huawei GT4 PRO Reloj Inteligente Hombre Reloj 4 Pro AMOLED HD Pantalla Bluetooth Llamar G,COP $179 567.42
Reloj inteligente 4G Wifi para estudiantes desbloqueado llamada telefónica rastreador antipérdida soporte para SIM,COP $137 788.49 a COP $148 815.98
Samsung Galaxy Watch 6 Clásico 47mm GPS + WiFi + Bluetooth R960 - Bueno,COP $248 794.14
Reloj inteligente Bluetooth ritmo cardíaco presión arterial deporte rastreador de fitness compañero de teléfono,COP $548 347.38
Reloj inteligente para hombre | Mujer Reloj inteligente Bluetooth Frecuencia cardíaca Monitor de presión arterial ~,COP $49 568.57
Filtri In Carta Smoking Deluxe King Size 50 Blocchetti 33 Filtri In Cartoncino,COP $30 821.83
Reloj inteligente para niños teléfono reloj 4G WIFI SOS SIM desbloqueado llamada impermeable reloj de pulsera,COP $110 503.03
Reloj Google Pixel 41 mm Estuche Plateado Pulido con Banda Carbón Grande GA03305-US,COP $263 885.87
Apple Watch Series 3 38mm 42mm GPS + WiFi + Celular Rosa Oro Gris Espacial Plateado,COP $228 086.89
Reloj Inteligente Táctil Bluetooth Ritmo Cardíaco Fitness Deporte Para Android IOS Impermeable,COP $350 926.53 a COP $438 669.13
Reloj Inteligente Bluetooth Relojes Monitor de Ritmo Cardíaco Deportes Impermeable Reloj para Hombre,COP $38 541.08 a COP $43 503.45
Reloj inteligente para hombre mujer impermeable fitness sueño HR para OnePlus 11,COP $131 570.03 a COP $140 344.29
